hospital,city,address,latitude,longitude,cms_provider_id,typical_ed_minutes,source_label,legacy_wait_to_provider_min,legacy_wait_source,recent_ed_visits,recent_occupancy_pct,ed_type,who_for,health_system
Tufts Medical Center,Boston,"800 Washington St, Boston, MA 02111",42.3495,-71.0634,220116,211,CMS OP_18b-derived typical median,28.0,Archived CMS Hospital Compare OP-20 historical benchmark,45652,84.2,general,Adults and anyone with a general emergency,Tufts Medicine
Boston Medical Center,Boston,"1 Boston Medical Center Pl, Boston, MA 02118",42.3356,-71.0723,220031,241,CMS OP_18b-derived typical median,70.0,Archived CMS Hospital Compare OP-20 historical benchmark,113480,91.6,general,Adults and anyone with a general emergency,Boston Medical Center Health System
Brigham and Women's Faulkner Hospital,Boston,"1153 Centre St, Boston, MA 02130",42.3017,-71.1271,220119,255,CMS OP_18b-derived typical median,16.0,Archived CMS Hospital Compare OP-20 historical benchmark,46750,85.0,general,Adults and anyone with a general emergency,Mass General Brigham
Massachusetts General Hospital,Boston,"55 Fruit St, Boston, MA 02114",42.3631,-71.0686,220071,283,CMS OP_18b-derived typical median,28.0,Archived CMS Hospital Compare OP-20 historical benchmark,118067,93.4,general,Adults and anyone with a general emergency,Mass General Brigham
Brigham and Women's Hospital,Boston,"75 Francis St, Boston, MA 02115",42.336,-71.1073,220110,309,CMS OP_18b-derived typical median,24.0,Archived CMS Hospital Compare OP-20 historical benchmark,59141,94.2,general,Adults and anyone with a general emergency,Mass General Brigham
Beth Israel Deaconess Medical Center,Boston,"330 Brookline Ave, Boston, MA 02215",42.3354,-71.105,220086,348,CMS OP_18b-derived typical median,48.0,Archived CMS Hospital Compare OP-20 historical benchmark,35201,80.7,general,Adults and anyone with a general emergency,Beth Israel Lahey Health
Boston Medical Center–Brighton,Boston,"736 Cambridge St, Brighton, MA 02135",42.3493,-71.1477,220036,146,CMS OP_18b-derived typical median,,Not available for this hospital,,,general,Adults and anyone with a general emergency,Boston Medical Center Health System
Mass Eye and Ear,Boston,"243 Charles St, Boston, MA 02114",42.3628,-71.0702,220075,174,CMS OP_18b-derived typical median,,Not available,,,specialty,"Eye, ear, nose, and throat emergencies only",Mass General Brigham
Boston Children's Hospital,Boston,"300 Longwood Ave, Boston, MA 02115",42.3374,-71.1056,223302,,No public ED-time data,,Not available,,,pediatric,Children and teens,Boston Children's Health
"VA Boston, West Roxbury",Boston,"1400 VFW Parkway, West Roxbury, MA 02132",42.2775,-71.1718,,,Not in CMS Hospital Compare,,Not available,,,veterans,Veterans enrolled in VA health care,VA Boston Healthcare System
