cms_provider_id,facility_name,observed_wait_min,reporting_start,reporting_end,snapshot_date,source_archive,hospital,timestamp
220086,BETH ISRAEL DEACONESS MEDICAL CENTER,334.0,2020-07-01,2020-12-31,2021-10-01,hospitals_compare_202110.zip,Beth Israel Deaconess Medical Center,2020-12-31
220031,BOSTON MEDICAL CENTER,234.0,2020-07-01,2020-12-31,2021-10-01,hospitals_compare_202110.zip,Boston Medical Center,2020-12-31
220119,FAULKNER HOSPITAL-BRIGHAM AND WOMEN'S,235.0,2020-07-01,2020-12-31,2021-10-01,hospitals_compare_202110.zip,Brigham and Women's Faulkner Hospital,2020-12-31
220110,BRIGHAM AND WOMEN'S HOSPITAL,228.0,2020-07-01,2020-12-31,2021-10-01,hospitals_compare_202110.zip,Brigham and Women's Hospital,2020-12-31
220071,MASSACHUSETTS GENERAL HOSPITAL,280.0,2020-07-01,2020-12-31,2021-10-01,hospitals_compare_202110.zip,Massachusetts General Hospital,2020-12-31
220116,TUFTS MEDICAL CENTER,179.0,2020-07-01,2020-12-31,2021-10-01,hospitals_compare_202110.zip,Tufts Medical Center,2020-12-31
220086,BETH ISRAEL DEACONESS MEDICAL CENTER,316.0,2020-10-01,2021-09-30,2022-07-01,hospitals_compare_202207.zip,Beth Israel Deaconess Medical Center,2021-09-30
220031,BOSTON MEDICAL CENTER,244.0,2020-10-01,2021-09-30,2022-07-01,hospitals_compare_202207.zip,Boston Medical Center,2021-09-30
220119,FAULKNER HOSPITAL-BRIGHAM AND WOMEN'S,241.0,2020-10-01,2021-09-30,2022-07-01,hospitals_compare_202207.zip,Brigham and Women's Faulkner Hospital,2021-09-30
220110,BRIGHAM AND WOMEN'S HOSPITAL,298.0,2020-10-01,2021-09-30,2022-07-01,hospitals_compare_202207.zip,Brigham and Women's Hospital,2021-09-30
220071,MASSACHUSETTS GENERAL HOSPITAL,260.0,2020-10-01,2021-09-30,2022-07-01,hospitals_compare_202207.zip,Massachusetts General Hospital,2021-09-30
220116,TUFTS MEDICAL CENTER,173.0,2020-10-01,2021-09-30,2022-07-01,hospitals_compare_202207.zip,Tufts Medical Center,2021-09-30
220086,BETH ISRAEL DEACONESS MEDICAL CENTER,320.0,2021-10-01,2022-09-30,2023-10-01,hospitals_compare_202310.zip,Beth Israel Deaconess Medical Center,2022-09-30
220031,BOSTON MEDICAL CENTER,265.0,2021-10-01,2022-09-30,2023-10-01,hospitals_compare_202310.zip,Boston Medical Center,2022-09-30
220119,FAULKNER HOSPITAL-BRIGHAM AND WOMEN'S,265.0,2021-10-01,2022-09-30,2023-10-01,hospitals_compare_202310.zip,Brigham and Women's Faulkner Hospital,2022-09-30
220110,BRIGHAM AND WOMEN'S HOSPITAL,316.0,2021-10-01,2022-09-30,2023-10-01,hospitals_compare_202310.zip,Brigham and Women's Hospital,2022-09-30
220071,MASSACHUSETTS GENERAL HOSPITAL,280.0,2021-10-01,2022-09-30,2023-10-01,hospitals_compare_202310.zip,Massachusetts General Hospital,2022-09-30
220116,TUFTS MEDICAL CENTER,200.0,2021-10-01,2022-09-30,2023-10-01,hospitals_compare_202310.zip,Tufts Medical Center,2022-09-30
220086,BETH ISRAEL DEACONESS MEDICAL CENTER,365.0,2023-01-01,2023-12-31,2024-10-01,hospitals_compare_202410.zip,Beth Israel Deaconess Medical Center,2023-12-31
220031,BOSTON MEDICAL CENTER,261.0,2023-01-01,2023-12-31,2024-10-01,hospitals_compare_202410.zip,Boston Medical Center,2023-12-31
220119,FAULKNER HOSPITAL-BRIGHAM AND WOMEN'S,258.0,2023-01-01,2023-12-31,2024-10-01,hospitals_compare_202410.zip,Brigham and Women's Faulkner Hospital,2023-12-31
220110,BRIGHAM AND WOMEN'S HOSPITAL,321.0,2023-01-01,2023-12-31,2024-10-01,hospitals_compare_202410.zip,Brigham and Women's Hospital,2023-12-31
220071,MASSACHUSETTS GENERAL HOSPITAL,303.0,2023-01-01,2023-12-31,2024-10-01,hospitals_compare_202410.zip,Massachusetts General Hospital,2023-12-31
220116,TUFTS MEDICAL CENTER,207.0,2023-01-01,2023-12-31,2024-10-01,hospitals_compare_202410.zip,Tufts Medical Center,2023-12-31
220086,BETH ISRAEL DEACONESS MEDICAL CENTER,362.0,2024-01-01,2024-12-31,2025-11-01,hospitals_compare_202511.zip,Beth Israel Deaconess Medical Center,2024-12-31
220031,BOSTON MEDICAL CENTER,251.0,2024-01-01,2024-12-31,2025-11-01,hospitals_compare_202511.zip,Boston Medical Center,2024-12-31
220119,BRIGHAM AND WOMEN'S FAULKNER HOSPITAL,275.0,2024-01-01,2024-12-31,2025-11-01,hospitals_compare_202511.zip,Brigham and Women's Faulkner Hospital,2024-12-31
220110,BRIGHAM AND WOMEN'S HOSPITAL,317.0,2024-01-01,2024-12-31,2025-11-01,hospitals_compare_202511.zip,Brigham and Women's Hospital,2024-12-31
220071,MASSACHUSETTS GENERAL HOSPITAL,283.0,2024-01-01,2024-12-31,2025-11-01,hospitals_compare_202511.zip,Massachusetts General Hospital,2024-12-31
220116,TUFTS MEDICAL CENTER,240.0,2024-01-01,2024-12-31,2025-11-01,hospitals_compare_202511.zip,Tufts Medical Center,2024-12-31
220086,BETH ISRAEL DEACONESS MEDICAL CENTER,336.0,2024-10-01,2025-09-30,2026-08-01,hospitals_compare_202608.zip,Beth Israel Deaconess Medical Center,2025-09-30
220031,BOSTON MEDICAL CENTER,227.0,2024-10-01,2025-09-30,2026-08-01,hospitals_compare_202608.zip,Boston Medical Center,2025-09-30
220119,BRIGHAM AND WOMEN FAULKNER HOSPITAL,256.0,2024-10-01,2025-09-30,2026-08-01,hospitals_compare_202608.zip,Brigham and Women's Faulkner Hospital,2025-09-30
220110,BRIGHAM AND WOMEN'S HOSPITAL,300.0,2024-10-01,2025-09-30,2026-08-01,hospitals_compare_202608.zip,Brigham and Women's Hospital,2025-09-30
220071,MASSACHUSETTS GENERAL HOSPITAL,288.0,2024-10-01,2025-09-30,2026-08-01,hospitals_compare_202608.zip,Massachusetts General Hospital,2025-09-30
220116,TUFTS MEDICAL CENTER,208.0,2024-10-01,2025-09-30,2026-08-01,hospitals_compare_202608.zip,Tufts Medical Center,2025-09-30
