participant,method,seconds,picked_hospital
I.N(ACTUAL),quick,45,Brigham and Women's Hospital
I.N(ACTUAL),ernow,15,Brigham and Women's Hospital
I.N(Actual Actual),full,381,Brigham and Women's Hospital
A.A,quick,20,Boston Medical Center–Brighton
B.C,quick,32,Boston Medical Center–Brighton
J.A,quick,10,Boston Medical Center–Brighton
R.M,quick,12,Boston Medical Center–Brighton
A.A,ernow,10,Boston Medical Center–Brighton
B.C,ernow,7,Boston Medical Center–Brighton
J.A,ernow,9,Boston Medical Center–Brighton
R.M,ernow,6,Boston Medical Center–Brighton
